what,kind,bundleId,bundleVersion,description,time
activated,editor,org.eclipse.jdt.ui,3.5.2.r352_v20100106-0800,"org.eclipse.jdt.ui.CompilationUnitEditor",1296267924313
deactivated,workbench,org.eclipse.ui.workbench,3.5.2.M20100113-0800,"",1296267956895
executed,command,org.eclipse.jdt.ui,3.5.2.r352_v20100106-0800,"org.eclipse.jdt.ui.edit.text.java.generate.constructor.using.fields",1296267958728
activated,workbench,org.eclipse.ui.workbench,3.5.2.M20100113-0800,"",1296267958755
deactivated,workbench,org.eclipse.ui.workbench,3.5.2.M20100113-0800,"",1296267966826
executed,command,org.eclipse.jdt.ui,3.5.2.r352_v20100106-0800,"org.eclipse.jdt.ui.edit.text.java.create.getter.setter",1296267974838
activated,workbench,org.eclipse.ui.workbench,3.5.2.M20100113-0800,"",1296267974866
executed,command,org.eclipse.ui,3.5.2.M20100120-0800,"org.eclipse.ui.file.save",1296267985774
activated,view,org.eclipse.jdt.ui,3.5.2.r352_v20100106-0800,"org.eclipse.jdt.ui.PackageExplorer",1296267999205
deactivated,workbench,org.eclipse.ui.workbench,3.5.2.M20100113-0800,"",1296268004675
activated,workbench,org.eclipse.ui.workbench,3.5.2.M20100113-0800,"",1296268016524
opened,editor,org.eclipse.jdt.ui,3.5.2.r352_v20100106-0800,"org.eclipse.jdt.ui.CompilationUnitEditor",1296268016616
activated,editor,org.eclipse.jdt.ui,3.5.2.r352_v20100106-0800,"org.eclipse.jdt.ui.CompilationUnitEditor",1296268016709
executed,command,,,"AUTOGEN:::org.eclipse.jdt.internal.ui.CompilationUnitEditor.ruler.actions/org.eclipse.jdt.internal.ui.javaeditor.JavaSelectRulerAction",1296268033404
deactivated,workbench,org.eclipse.ui.workbench,3.5.2.M20100113-0800,"",1296268038786
activated,workbench,org.eclipse.ui.workbench,3.5.2.M20100113-0800,"",1296268039196
started,bundle,org.eclipse.pde.api.tools,1.0.101.v20090714,"org.eclipse.pde.api.tools",1296268083697
started,bundle,org.eclipse.pde.api.tools.ui,1.0.101.v20090820,"org.eclipse.pde.api.tools.ui",1296268083699
started,bundle,org.jboss.tools.common.el.ui,3.1.0.v201003050540R-H56-GA,"org.jboss.tools.common.el.ui",1296268083721
started,bundle,org.jboss.tools.cdi.ui,1.0.0.v201003050540R-H56-GA,"org.jboss.tools.cdi.ui",1296268083721
started,bundle,org.jboss.tools.jst.web.kb,3.1.0.v201003050540R-H56-GA,"org.jboss.tools.jst.web.kb",1296268083747
started,bundle,org.eclipse.mylyn.java.ui,3.4.0.v20100608-0100-e3x,"org.eclipse.mylyn.java.ui",1296268083761
executed,command,org.eclipse.ui,3.5.2.M20100120-0800,"org.eclipse.ui.edit.text.contentAssist.proposals",1296268084024
executed,command,org.eclipse.ui,3.5.2.M20100120-0800,"org.eclipse.ui.edit.paste",1296268102674
executed,command,org.eclipse.ui,3.5.2.M20100120-0800,"org.eclipse.ui.edit.text.contentAssist.proposals",1296268114110
executed,command,org.eclipse.ui,3.5.2.M20100120-0800,"org.eclipse.ui.edit.text.contentAssist.proposals",1296268140432
executed,command,org.eclipse.ui.workbench.texteditor,3.5.1.r352_v20100105,"org.eclipse.ui.edit.text.goto.lineEnd",1296268146597
executed,command,org.eclipse.ui.workbench.texteditor,3.5.1.r352_v20100105,"org.eclipse.ui.edit.text.goto.lineEnd",1296268152665
executed,command,org.eclipse.ui.workbench.texteditor,3.5.1.r352_v20100105,"org.eclipse.ui.edit.text.select.lineStart",1296268154735
executed,command,org.eclipse.ui,3.5.2.M20100120-0800,"org.eclipse.ui.edit.text.contentAssist.proposals",1296268173965
executed,command,org.eclipse.ui,3.5.2.M20100120-0800,"org.eclipse.ui.edit.text.contentAssist.proposals",1296268182192
executed,command,,,"AUTOGEN:::org.eclipse.jdt.internal.ui.CompilationUnitEditor.ruler.actions/org.eclipse.jdt.internal.ui.javaeditor.JavaSelectRulerAction",1296268200129
executed,command,org.eclipse.ui.workbench.texteditor,3.5.1.r352_v20100105,"org.eclipse.ui.edit.text.goto.lineEnd",1296268227103
executed,command,,,"AUTOGEN:::org.eclipse.jdt.internal.ui.CompilationUnitEditor.ruler.actions/org.eclipse.jdt.internal.ui.javaeditor.JavaSelectRulerAction",1296268251580
executed,command,,,"AUTOGEN:::org.eclipse.jdt.debug.CompilationUnitEditor.BreakpointRulerActions/org.eclipse.jdt.debug.ui.actions.ManageBreakpointRulerAction",1296268255131
executed,command,org.eclipse.ui,3.5.2.M20100120-0800,"org.eclipse.ui.edit.undo",1296268257469
executed,command,org.eclipse.ui,3.5.2.M20100120-0800,"org.eclipse.ui.edit.undo",1296268257685
executed,command,org.eclipse.ui,3.5.2.M20100120-0800,"org.eclipse.ui.edit.undo",1296268257885
executed,command,org.eclipse.ui,3.5.2.M20100120-0800,"org.eclipse.ui.edit.undo",1296268258084
executed,command,org.eclipse.ui,3.5.2.M20100120-0800,"org.eclipse.ui.edit.undo",1296268258277
executed,command,org.eclipse.ui,3.5.2.M20100120-0800,"org.eclipse.ui.edit.undo",1296268258491
executed,command,org.eclipse.ui,3.5.2.M20100120-0800,"org.eclipse.ui.edit.text.contentAssist.proposals",1296268264708
executed,command,org.eclipse.ui,3.5.2.M20100120-0800,"org.eclipse.ui.edit.text.contentAssist.proposals",1296268281638
executed,command,org.eclipse.ui.workbench.texteditor,3.5.1.r352_v20100105,"org.eclipse.ui.edit.text.goto.lineEnd",1296268286266
executed,command,org.eclipse.ui,3.5.2.M20100120-0800,"org.eclipse.ui.file.save",1296268296017
deactivated,workbench,org.eclipse.ui.workbench,3.5.2.M20100113-0800,"",1296268299362
activated,workbench,org.eclipse.ui.workbench,3.5.2.M20100113-0800,"",1296268332901
executed,command,org.eclipse.ui.workbench.texteditor,3.5.1.r352_v20100105,"org.eclipse.ui.edit.text.goto.lineStart",1296268352690
executed,command,org.eclipse.ui,3.5.2.M20100120-0800,"org.eclipse.ui.file.save",1296268360739
executed,command,org.eclipse.ui.editors,3.5.0.v20090527-2000,"org.eclipse.ui.editors.lineNumberToggle",1296268367190
executed,command,,,"AUTOGEN:::org.eclipse.jdt.debug.CompilationUnitEditor.BreakpointRulerActions/org.eclipse.jdt.debug.ui.actions.ManageBreakpointRulerAction",1296268369515
activated,editor,org.eclipse.jdt.ui,3.5.2.r352_v20100106-0800,"org.eclipse.jdt.ui.CompilationUnitEditor",1296268372279
executed,command,org.eclipse.ui,3.5.2.M20100120-0800,"org.eclipse.ui.edit.text.contentAssist.proposals",1296268378670
executed,command,org.eclipse.ui,3.5.2.M20100120-0800,"org.eclipse.ui.file.save",1296268387314
started,bundle,org.drools.eclipse,5.1.0.v201003050540R-H56-31764,"org.drools.eclipse",1296268388887
executed,command,org.eclipse.jdt.debug.ui,3.4.1.v20090811_r351,"org.eclipse.jdt.debug.ui.localJavaShortcut.run",1296268394608
started,bundle,org.jboss.ide.eclipse.freemarker,1.1.0.v201003050540R-H56-GA,"org.jboss.ide.eclipse.freemarker",1296268395076
activated,view,org.eclipse.jdt.ui,3.5.2.r352_v20100106-0800,"org.eclipse.jdt.ui.PackageExplorer",1296268401006
executed,command,org.eclipse.jdt.debug.ui,3.4.1.v20090811_r351,"org.eclipse.jdt.debug.ui.localJavaShortcut.debug",1296268411345
deactivated,workbench,org.eclipse.ui.workbench,3.5.2.M20100113-0800,"",1296268412114
opened,view,org.eclipse.debug.ui,3.5.2.v20091028_r352,"org.eclipse.debug.ui.DebugView",1296268415118
activated,workbench,org.eclipse.ui.workbench,3.5.2.M20100113-0800,"",1296268415148
activated,view,org.eclipse.debug.ui,3.5.2.v20091028_r352,"org.eclipse.debug.ui.DebugView",1296268448181
executed,command,org.eclipse.debug.ui,3.5.2.v20091028_r352,"org.eclipse.debug.ui.commands.Resume",1296268448265
activated,editor,org.eclipse.jdt.ui,3.5.2.r352_v20100106-0800,"org.eclipse.jdt.ui.CompilationUnitEditor",1296268450396
executed,command,org.eclipse.ui.workbench.texteditor,3.5.1.r352_v20100105,"org.eclipse.ui.edit.text.goto.lineStart",1296268455429
executed,command,org.eclipse.ui,3.5.2.M20100120-0800,"org.eclipse.ui.file.save",1296268462516
activated,view,org.eclipse.jdt.ui,3.5.2.r352_v20100106-0800,"org.eclipse.jdt.ui.PackageExplorer",1296268466211
executed,command,org.eclipse.jdt.debug.ui,3.4.1.v20090811_r351,"org.eclipse.jdt.debug.ui.localJavaShortcut.debug",1296268472879
deactivated,workbench,org.eclipse.ui.workbench,3.5.2.M20100113-0800,"",1296268473447
activated,workbench,org.eclipse.ui.workbench,3.5.2.M20100113-0800,"",1296268475159
activated,view,org.eclipse.debug.ui,3.5.2.v20091028_r352,"org.eclipse.debug.ui.DebugView",1296268498628
executed,command,org.eclipse.debug.ui,3.5.2.v20091028_r352,"org.eclipse.debug.ui.commands.Resume",1296268498708
deactivated,workbench,org.eclipse.ui.workbench,3.5.2.M20100113-0800,"",1296268535066
activated,workbench,org.eclipse.ui.workbench,3.5.2.M20100113-0800,"",1296268636059
deactivated,workbench,org.eclipse.ui.workbench,3.5.2.M20100113-0800,"",1296268640232
activated,workbench,org.eclipse.ui.workbench,3.5.2.M20100113-0800,"",1296268731868
activated,view,org.eclipse.jdt.ui,3.5.2.r352_v20100106-0800,"org.eclipse.jdt.ui.PackageExplorer",1296268733987
deactivated,workbench,org.eclipse.ui.workbench,3.5.2.M20100113-0800,"",1296268738376
activated,workbench,org.eclipse.ui.workbench,3.5.2.M20100113-0800,"",1296268757185
opened,editor,org.eclipse.jdt.ui,3.5.2.r352_v20100106-0800,"org.eclipse.jdt.ui.CompilationUnitEditor",1296268757304
activated,editor,org.eclipse.jdt.ui,3.5.2.r352_v20100106-0800,"org.eclipse.jdt.ui.CompilationUnitEditor",1296268757388
executed,command,org.eclipse.ui,3.5.2.M20100120-0800,"org.eclipse.ui.edit.paste",1296268785735
executed,command,org.eclipse.ui,3.5.2.M20100120-0800,"org.eclipse.ui.edit.text.contentAssist.proposals",1296268792131
executed,command,org.eclipse.ui,3.5.2.M20100120-0800,"org.eclipse.ui.edit.text.contentAssist.proposals",1296268801328
executed,command,org.eclipse.ui,3.5.2.M20100120-0800,"org.eclipse.ui.edit.text.contentAssist.proposals",1296268814847
executed,command,org.eclipse.ui.workbench.texteditor,3.5.1.r352_v20100105,"org.eclipse.ui.edit.text.select.lineEnd",1296268840199
executed,command,org.eclipse.ui.workbench.texteditor,3.5.1.r352_v20100105,"org.eclipse.ui.edit.text.goto.lineEnd",1296268843005
executed,command,org.eclipse.ui,3.5.2.M20100120-0800,"org.eclipse.ui.edit.text.contentAssist.proposals",1296268845455
executed,command,org.eclipse.ui.workbench.texteditor,3.5.1.r352_v20100105,"org.eclipse.ui.edit.text.select.lineEnd",1296268861972
executed,command,org.eclipse.ui,3.5.2.M20100120-0800,"org.eclipse.ui.edit.undo",1296268872332
executed,command,org.eclipse.ui.workbench.texteditor,3.5.1.r352_v20100105,"org.eclipse.ui.edit.text.goto.lineEnd",1296268873567
activated,view,org.eclipse.jdt.ui,3.5.2.r352_v20100106-0800,"org.eclipse.jdt.ui.PackageExplorer",1296268896313
deactivated,workbench,org.eclipse.ui.workbench,3.5.2.M20100113-0800,"",1296268901210
opened,editor,org.eclipse.ui.editors,3.5.0.v20090527-2000,"org.eclipse.ui.DefaultTextEditor",1296268930248
activated,editor,org.eclipse.ui.editors,3.5.0.v20090527-2000,"org.eclipse.ui.DefaultTextEditor",1296268930310
executed,command,org.eclipse.ui,3.5.2.M20100120-0800,"org.eclipse.ui.newWizard",1296268930474
activated,workbench,org.eclipse.ui.workbench,3.5.2.M20100113-0800,"",1296268930528
activated,view,org.eclipse.jdt.ui,3.5.2.r352_v20100106-0800,"org.eclipse.jdt.ui.PackageExplorer",1296268934153
executed,command,org.eclipse.ui,3.5.2.M20100120-0800,"org.eclipse.ui.file.refresh",1296268944068
activated,editor,org.eclipse.ui.editors,3.5.0.v20090527-2000,"org.eclipse.ui.DefaultTextEditor",1296268945972
deactivated,workbench,org.eclipse.ui.workbench,3.5.2.M20100113-0800,"",1296268951124
activated,workbench,org.eclipse.ui.workbench,3.5.2.M20100113-0800,"",1296268970823
executed,command,org.eclipse.ui,3.5.2.M20100120-0800,"org.eclipse.ui.file.save",1296268970940
activated,editor,org.eclipse.jdt.ui,3.5.2.r352_v20100106-0800,"org.eclipse.jdt.ui.CompilationUnitEditor",1296268973742
executed,command,org.eclipse.ui,3.5.2.M20100120-0800,"org.eclipse.ui.file.save",1296268975707
activated,editor,org.eclipse.jdt.ui,3.5.2.r352_v20100106-0800,"org.eclipse.jdt.ui.CompilationUnitEditor",1296268979031
executed,command,org.eclipse.ui.workbench.texteditor,3.5.1.r352_v20100105,"org.eclipse.ui.edit.text.select.lineStart",1296268982238
executed,command,org.eclipse.ui.workbench.texteditor,3.5.1.r352_v20100105,"org.eclipse.ui.edit.text.goto.lineEnd",1296268986677
executed,command,org.eclipse.ui,3.5.2.M20100120-0800,"org.eclipse.ui.edit.text.contentAssist.proposals",1296268989101
executed,command,org.eclipse.ui,3.5.2.M20100120-0800,"org.eclipse.ui.edit.text.contentAssist.proposals",1296269042905
executed,command,,,"AUTOGEN:::org.eclipse.jdt.internal.ui.CompilationUnitEditor.ruler.actions/org.eclipse.jdt.internal.ui.javaeditor.JavaSelectRulerAction",1296269067356
deactivated,workbench,org.eclipse.ui.workbench,3.5.2.M20100113-0800,"",1296269069912
activated,workbench,org.eclipse.ui.workbench,3.5.2.M20100113-0800,"",1296269070288
executed,command,org.eclipse.ui,3.5.2.M20100120-0800,"org.eclipse.ui.edit.text.contentAssist.proposals",1296269102215
executed,command,,,"AUTOGEN:::org.eclipse.jdt.internal.ui.CompilationUnitEditor.ruler.actions/org.eclipse.jdt.internal.ui.javaeditor.JavaSelectRulerAction",1296269142941
executed,command,,,"AUTOGEN:::org.eclipse.jdt.internal.ui.CompilationUnitEditor.ruler.actions/org.eclipse.jdt.internal.ui.javaeditor.JavaSelectRulerAction",1296269146491
deactivated,workbench,org.eclipse.ui.workbench,3.5.2.M20100113-0800,"",1296269151813
activated,workbench,org.eclipse.ui.workbench,3.5.2.M20100113-0800,"",1296269184646
executed,command,org.eclipse.ui.workbench.texteditor,3.5.1.r352_v20100105,"org.eclipse.ui.edit.text.select.lineStart",1296269209887
executed,command,org.eclipse.ui,3.5.2.M20100120-0800,"org.eclipse.ui.edit.copy",1296269210515
executed,command,org.eclipse.ui.workbench.texteditor,3.5.1.r352_v20100105,"org.eclipse.ui.edit.text.goto.lineEnd",1296269211271
executed,command,org.eclipse.ui.workbench.texteditor,3.5.1.r352_v20100105,"org.eclipse.ui.edit.text.select.lineStart",1296269211629
executed,command,org.eclipse.ui,3.5.2.M20100120-0800,"org.eclipse.ui.edit.paste",1296269215928
executed,command,org.eclipse.ui,3.5.2.M20100120-0800,"org.eclipse.ui.file.save",1296269222543
activated,editor,org.eclipse.jdt.ui,3.5.2.r352_v20100106-0800,"org.eclipse.jdt.ui.CompilationUnitEditor",1296269234302
executed,command,org.eclipse.ui,3.5.2.M20100120-0800,"org.eclipse.ui.edit.text.contentAssist.proposals",1296269308640
executed,command,org.eclipse.ui,3.5.2.M20100120-0800,"org.eclipse.ui.edit.text.contentAssist.proposals",1296269315714
executed,command,org.eclipse.ui.workbench.texteditor,3.5.1.r352_v20100105,"org.eclipse.ui.edit.text.goto.lineEnd",1296269362671
executed,command,org.eclipse.ui.workbench.texteditor,3.5.1.r352_v20100105,"org.eclipse.ui.edit.text.goto.lineEnd",1296269440690
deactivated,workbench,org.eclipse.ui.workbench,3.5.2.M20100113-0800,"",1296269474110
activated,workbench,org.eclipse.ui.workbench,3.5.2.M20100113-0800,"",1296269517229
activated,editor,org.eclipse.jdt.ui,3.5.2.r352_v20100106-0800,"org.eclipse.jdt.ui.CompilationUnitEditor",1296269522971
executed,command,org.eclipse.ui,3.5.2.M20100120-0800,"org.eclipse.ui.edit.text.contentAssist.proposals",1296269532887
executed,command,org.eclipse.ui.workbench.texteditor,3.5.1.r352_v20100105,"org.eclipse.ui.edit.text.goto.lineEnd",1296269564283
executed,command,org.eclipse.ui,3.5.2.M20100120-0800,"org.eclipse.ui.file.save",1296269593135
activated,view,org.eclipse.jdt.ui,3.5.2.r352_v20100106-0800,"org.eclipse.jdt.ui.PackageExplorer",1296269597558
executed,command,org.eclipse.jdt.debug.ui,3.4.1.v20090811_r351,"org.eclipse.jdt.debug.ui.localJavaShortcut.debug",1296269604338
deactivated,workbench,org.eclipse.ui.workbench,3.5.2.M20100113-0800,"",1296269604641
activated,workbench,org.eclipse.ui.workbench,3.5.2.M20100113-0800,"",1296269607958
deactivated,workbench,org.eclipse.ui.workbench,3.5.2.M20100113-0800,"",1296269608324
activated,workbench,org.eclipse.ui.workbench,3.5.2.M20100113-0800,"",1296269612006
deactivated,workbench,org.eclipse.ui.workbench,3.5.2.M20100113-0800,"",1296269612401
activated,workbench,org.eclipse.ui.workbench,3.5.2.M20100113-0800,"",1296269614551
activated,editor,org.eclipse.jdt.ui,3.5.2.r352_v20100106-0800,"org.eclipse.jdt.ui.CompilationUnitEditor",1296269630354
activated,view,org.eclipse.debug.ui,3.5.2.v20091028_r352,"org.eclipse.debug.ui.DebugView",1296269641118
executed,command,org.eclipse.debug.ui,3.5.2.v20091028_r352,"org.eclipse.debug.ui.commands.StepOver",1296269641201
opened,editor,org.eclipse.debug.ui,3.5.2.v20091028_r352,"org.eclipse.debug.ui.sourcelookup.CommonSourceNotFoundEditor",1296269641279
executed,command,org.eclipse.debug.ui,3.5.2.v20091028_r352,"org.eclipse.debug.ui.commands.Resume",1296269645694
closed,editor,org.eclipse.debug.ui,3.5.2.v20091028_r352,"org.eclipse.debug.ui.sourcelookup.CommonSourceNotFoundEditor",1296269645867
opened,view,org.eclipse.ui.console,3.4.0.v20090513,"org.eclipse.ui.console.ConsoleView",1296269646032
activated,view,org.eclipse.ui.console,3.4.0.v20090513,"org.eclipse.ui.console.ConsoleView",1296269646047
activated,editor,org.eclipse.jdt.ui,3.5.2.r352_v20100106-0800,"org.eclipse.jdt.ui.CompilationUnitEditor",1296269651482
executed,command,org.eclipse.ui,3.5.2.M20100120-0800,"org.eclipse.ui.edit.copy",1296269664633
executed,command,org.eclipse.ui,3.5.2.M20100120-0800,"org.eclipse.ui.edit.paste",1296269668963
executed,command,org.eclipse.ui,3.5.2.M20100120-0800,"org.eclipse.ui.file.save",1296269688891
activated,view,org.eclipse.jdt.ui,3.5.2.r352_v20100106-0800,"org.eclipse.jdt.ui.PackageExplorer",1296269691950
executed,command,org.eclipse.jdt.debug.ui,3.4.1.v20090811_r351,"org.eclipse.jdt.debug.ui.localJavaShortcut.debug",1296269695855
deactivated,workbench,org.eclipse.ui.workbench,3.5.2.M20100113-0800,"",1296269696108
activated,workbench,org.eclipse.ui.workbench,3.5.2.M20100113-0800,"",1296269698577
deactivated,workbench,org.eclipse.ui.workbench,3.5.2.M20100113-0800,"",1296269699013
activated,workbench,org.eclipse.ui.workbench,3.5.2.M20100113-0800,"",1296269700996
activated,editor,org.eclipse.jdt.ui,3.5.2.r352_v20100106-0800,"org.eclipse.jdt.ui.CompilationUnitEditor",1296269744176
activated,editor,org.eclipse.jdt.ui,3.5.2.r352_v20100106-0800,"org.eclipse.jdt.ui.CompilationUnitEditor",1296269770416
executed,command,,,"AUTOGEN:::org.eclipse.jdt.debug.CompilationUnitEditor.BreakpointRulerActions/org.eclipse.jdt.debug.ui.actions.ManageBreakpointRulerAction",1296269776160
activated,view,org.eclipse.debug.ui,3.5.2.v20091028_r352,"org.eclipse.debug.ui.DebugView",1296269779796
executed,command,org.eclipse.debug.ui,3.5.2.v20091028_r352,"org.eclipse.debug.ui.commands.Resume",1296269779826
activated,view,org.eclipse.ui.console,3.4.0.v20090513,"org.eclipse.ui.console.ConsoleView",1296269779998
activated,view,org.eclipse.jdt.ui,3.5.2.r352_v20100106-0800,"org.eclipse.jdt.ui.PackageExplorer",1296269785446
started,bundle,org.eclipse.pde.core,3.5.101.v20100104,"org.eclipse.pde.core",1296269786320
deactivated,workbench,org.eclipse.ui.workbench,3.5.2.M20100113-0800,"",1296269792029
started,bundle,org.eclipse.ant.ui,3.4.2.v20091204_r352,"org.eclipse.ant.ui",1296269798641
error,log,,,"Participant 'org.drools.eclipse.refactoring.renameIFileParticipant' removed due to the following exception",1296269798670
executed,command,org.eclipse.jdt.ui,3.5.2.r352_v20100106-0800,"org.eclipse.jdt.ui.edit.text.java.rename.element",1296269802908
activated,workbench,org.eclipse.ui.workbench,3.5.2.M20100113-0800,"",1296269802921
activated,editor,org.eclipse.jdt.ui,3.5.2.r352_v20100106-0800,"org.eclipse.jdt.ui.CompilationUnitEditor",1296269806210
executed,command,org.eclipse.ui,3.5.2.M20100120-0800,"org.eclipse.ui.file.save",1296269812530
activated,editor,org.eclipse.jdt.ui,3.5.2.r352_v20100106-0800,"org.eclipse.jdt.ui.CompilationUnitEditor",1296269818338
executed,command,org.eclipse.ui,3.5.2.M20100120-0800,"org.eclipse.ui.file.save",1296269837597
activated,editor,org.eclipse.jdt.ui,3.5.2.r352_v20100106-0800,"org.eclipse.jdt.ui.CompilationUnitEditor",1296269843241
activated,view,org.eclipse.jdt.ui,3.5.2.r352_v20100106-0800,"org.eclipse.jdt.ui.PackageExplorer",1296269848218
executed,command,org.eclipse.jdt.debug.ui,3.4.1.v20090811_r351,"org.eclipse.jdt.debug.ui.localJavaShortcut.debug",1296269852821
deactivated,workbench,org.eclipse.ui.workbench,3.5.2.M20100113-0800,"",1296269853329
activated,workbench,org.eclipse.ui.workbench,3.5.2.M20100113-0800,"",1296269854918
activated,view,org.eclipse.debug.ui,3.5.2.v20091028_r352,"org.eclipse.debug.ui.DebugView",1296269865798
executed,command,org.eclipse.debug.ui,3.5.2.v20091028_r352,"org.eclipse.debug.ui.commands.Resume",1296269865840
activated,view,org.eclipse.ui.console,3.4.0.v20090513,"org.eclipse.ui.console.ConsoleView",1296269865999
activated,view,org.eclipse.jdt.ui,3.5.2.r352_v20100106-0800,"org.eclipse.jdt.ui.PackageExplorer",1296269876148
executed,command,org.eclipse.ui,3.5.2.M20100120-0800,"org.eclipse.ui.edit.copy",1296269880237
started,bundle,org.eclipse.wst.ws.service.policy,1.0.103.v200905151848,"org.eclipse.wst.ws.service.policy",1296269882160
started,bundle,org.eclipse.wst.command.env,1.0.408.v200903110045,"org.eclipse.wst.command.env",1296269882242
started,bundle,org.eclipse.wst.ws,1.1.103.v200903111822,"org.eclipse.wst.ws",1296269882244
executed,command,org.eclipse.ui,3.5.2.M20100120-0800,"org.eclipse.ui.edit.paste",1296269885997
deactivated,workbench,org.eclipse.ui.workbench,3.5.2.M20100113-0800,"",1296269892499
activated,workbench,org.eclipse.ui.workbench,3.5.2.M20100113-0800,"",1296269894617
activated,editor,org.eclipse.jdt.ui,3.5.2.r352_v20100106-0800,"org.eclipse.jdt.ui.CompilationUnitEditor",1296269896179
executed,command,,,"AUTOGEN:::org.eclipse.jdt.debug.CompilationUnitEditor.BreakpointRulerActions/org.eclipse.jdt.debug.ui.actions.ManageBreakpointRulerAction",1296269896344
activated,view,org.eclipse.debug.ui,3.5.2.v20091028_r352,"org.eclipse.debug.ui.DebugView",1296269900332
executed,command,org.eclipse.debug.ui,3.5.2.v20091028_r352,"org.eclipse.debug.ui.commands.Resume",1296269900338
deactivated,workbench,org.eclipse.ui.workbench,3.5.2.M20100113-0800,"",1296269900745
activated,workbench,org.eclipse.ui.workbench,3.5.2.M20100113-0800,"",1296269903455
executed,command,org.eclipse.debug.ui,3.5.2.v20091028_r352,"org.eclipse.debug.ui.commands.Resume",1296269912470
activated,view,org.eclipse.jdt.ui,3.5.2.r352_v20100106-0800,"org.eclipse.jdt.ui.PackageExplorer",1296269916974
deactivated,workbench,org.eclipse.ui.workbench,3.5.2.M20100113-0800,"",1296269921233
closed,editor,org.eclipse.ui.editors,3.5.0.v20090527-2000,"org.eclipse.ui.DefaultTextEditor",1296269923145
executed,command,org.eclipse.ui,3.5.2.M20100120-0800,"org.eclipse.ui.edit.delete",1296269923290
activated,workbench,org.eclipse.ui.workbench,3.5.2.M20100113-0800,"",1296269923311
activated,editor,org.eclipse.jdt.ui,3.5.2.r352_v20100106-0800,"org.eclipse.jdt.ui.CompilationUnitEditor",1296269950986
executed,command,org.eclipse.ui,3.5.2.M20100120-0800,"org.eclipse.ui.edit.copy",1296269954739
executed,command,org.eclipse.ui,3.5.2.M20100120-0800,"org.eclipse.ui.edit.paste",1296269963510
deactivated,workbench,org.eclipse.ui.workbench,3.5.2.M20100113-0800,"",1296269977607
executed,command,org.eclipse.jdt.ui,3.5.2.r352_v20100106-0800,"org.eclipse.jdt.ui.edit.text.java.create.getter.setter",1296269981681
activated,workbench,org.eclipse.ui.workbench,3.5.2.M20100113-0800,"",1296269981714
executed,command,org.eclipse.ui.workbench.texteditor,3.5.1.r352_v20100105,"org.eclipse.ui.edit.text.goto.lineEnd",1296270024067
executed,command,org.eclipse.ui.workbench.texteditor,3.5.1.r352_v20100105,"org.eclipse.ui.edit.text.select.lineStart",1296270047571
executed,command,org.eclipse.ui,3.5.2.M20100120-0800,"org.eclipse.ui.edit.text.contentAssist.proposals",1296270069226
executed,command,org.eclipse.ui,3.5.2.M20100120-0800,"org.eclipse.ui.edit.text.contentAssist.proposals",1296270084154
executed,command,org.eclipse.ui,3.5.2.M20100120-0800,"org.eclipse.ui.file.save",1296270089112
executed,command,org.eclipse.ui,3.5.2.M20100120-0800,"org.eclipse.ui.edit.text.contentAssist.proposals",1296270091308
executed,command,org.eclipse.ui,3.5.2.M20100120-0800,"org.eclipse.ui.edit.text.contentAssist.proposals",1296270106991
executed,command,org.eclipse.ui,3.5.2.M20100120-0800,"org.eclipse.ui.file.save",1296270148375
activated,view,org.eclipse.jdt.ui,3.5.2.r352_v20100106-0800,"org.eclipse.jdt.ui.PackageExplorer",1296270154281
activated,editor,org.eclipse.jdt.ui,3.5.2.r352_v20100106-0800,"org.eclipse.jdt.ui.CompilationUnitEditor",1296270154498
activated,view,org.eclipse.jdt.ui,3.5.2.r352_v20100106-0800,"org.eclipse.jdt.ui.PackageExplorer",1296270154519
activated,editor,org.eclipse.jdt.ui,3.5.2.r352_v20100106-0800,"org.eclipse.jdt.ui.CompilationUnitEditor",1296270156371
executed,command,org.eclipse.ui,3.5.2.M20100120-0800,"org.eclipse.ui.edit.text.contentAssist.proposals",1296270160485
executed,command,org.eclipse.ui,3.5.2.M20100120-0800,"org.eclipse.ui.file.save",1296270163871
deactivated,workbench,org.eclipse.ui.workbench,3.5.2.M20100113-0800,"",1296270220125
activated,workbench,org.eclipse.ui.workbench,3.5.2.M20100113-0800,"",1296270261146
activated,editor,org.eclipse.jdt.ui,3.5.2.r352_v20100106-0800,"org.eclipse.jdt.ui.CompilationUnitEditor",1296270261307
activated,editor,org.eclipse.jdt.ui,3.5.2.r352_v20100106-0800,"org.eclipse.jdt.ui.CompilationUnitEditor",1296270263593
executed,command,org.eclipse.ui,3.5.2.M20100120-0800,"org.eclipse.ui.edit.text.contentAssist.proposals",1296270321991
executed,command,org.eclipse.ui,3.5.2.M20100120-0800,"org.eclipse.ui.edit.text.contentAssist.proposals",1296270331896
executed,command,org.eclipse.ui,3.5.2.M20100120-0800,"org.eclipse.ui.edit.text.contentAssist.proposals",1296270340783
executed,command,org.eclipse.ui,3.5.2.M20100120-0800,"org.eclipse.ui.edit.text.contentAssist.proposals",1296270362594
executed,command,org.eclipse.ui,3.5.2.M20100120-0800,"org.eclipse.ui.edit.text.contentAssist.proposals",1296270405993
executed,command,org.eclipse.ui,3.5.2.M20100120-0800,"org.eclipse.ui.file.save",1296270433483
activated,editor,org.eclipse.jdt.ui,3.5.2.r352_v20100106-0800,"org.eclipse.jdt.ui.CompilationUnitEditor",1296270436819
activated,editor,org.eclipse.jdt.ui,3.5.2.r352_v20100106-0800,"org.eclipse.jdt.ui.CompilationUnitEditor",1296270480987
executed,command,org.eclipse.ui,3.5.2.M20100120-0800,"org.eclipse.ui.file.save",1296270494747
activated,editor,org.eclipse.jdt.ui,3.5.2.r352_v20100106-0800,"org.eclipse.jdt.ui.CompilationUnitEditor",1296270497029
executed,command,org.eclipse.ui,3.5.2.M20100120-0800,"org.eclipse.ui.edit.text.contentAssist.proposals",1296270504786
executed,command,org.eclipse.ui,3.5.2.M20100120-0800,"org.eclipse.ui.edit.text.contentAssist.proposals",1296270509573
executed,command,,,"AUTOGEN:::org.eclipse.jdt.internal.ui.CompilationUnitEditor.ruler.actions/org.eclipse.jdt.internal.ui.javaeditor.JavaSelectRulerAction",1296270520794
activated,editor,org.eclipse.jdt.ui,3.5.2.r352_v20100106-0800,"org.eclipse.jdt.ui.CompilationUnitEditor",1296270532010
activated,editor,org.eclipse.jdt.ui,3.5.2.r352_v20100106-0800,"org.eclipse.jdt.ui.CompilationUnitEditor",1296270552379
executed,command,org.eclipse.ui,3.5.2.M20100120-0800,"org.eclipse.ui.edit.copy",1296270558535
executed,command,org.eclipse.ui,3.5.2.M20100120-0800,"org.eclipse.ui.edit.paste",1296270564459
activated,editor,org.eclipse.jdt.ui,3.5.2.r352_v20100106-0800,"org.eclipse.jdt.ui.CompilationUnitEditor",1296270569465
deactivated,workbench,org.eclipse.ui.workbench,3.5.2.M20100113-0800,"",1296270579819
